tour,year,season,event_completed,event_name,event_id,player_name,dg_id,fin_text,round_num,course_name,course_num,course_par,start_hole,teetime,round_score,sg_putt,sg_arg,sg_app,sg_ott,sg_t2g,sg_total,driving_dist,driving_acc,gir,scrambling,prox_rgh,prox_fw,great_shots,poor_shots,eagles_or_better,birdies,pars,bogies,doubles_or_worse
pga,2023,2023,2023-04-09,Masters Tournament,14,"Rahm, Jon",19195,1,1,Augusta National Golf Club,14,72,1,10:42am,65,-0.603,2.591,2.806,2.586,7.983,7.337,312.4,1.0,0.944,1.0,,31.963,6,2,1,7,9,0,1
pga,2023,2023,2023-04-09,Masters Tournament,14,"Rahm, Jon",19195,1,2,Augusta National Golf Club,14,72,1,1:18pm,69,2.568,0.757,0.25,0.722,1.729,4.271,294.9,0.714,0.556,0.778,37.203,48.291,6,2,0,5,11,2,0
pga,2023,2023,2023-04-09,Masters Tournament,14,"Rahm, Jon",19195,1,3,Augusta National Golf Club,14,72,1,1:06pm,73,-0.326,-0.652,-0.396,1.914,0.866,0.434,297.3,0.929,0.611,0.75,53.837,40.769,3,2,0,3,11,4,0
pga,2023,2023,2023-04-09,Masters Tournament,14,"Rahm, Jon",19195,1,4,Augusta National Golf Club,14,72,1,2:33pm,69,0.342,0.405,2.159,1.095,3.658,4.0,301.4,0.786,0.778,0.667,4.375,33.019,4,2,0,4,13,1,0
pga,2023,2023,2023-04-09,Masters Tournament,14,"Koepka, Brooks",16243,T2,1,Augusta National Golf Club,14,72,1,11:54am,65,2.5,-0.418,5.136,0.162,4.88,7.337,304.2,0.857,0.833,1.0,44.382,16.219,6,1,0,8,9,1,0
pga,2023,2023,2023-04-09,Masters Tournament,14,"Koepka, Brooks",16243,T2,2,Augusta National Golf Club,14,72,1,8:18am,67,1.601,-0.542,3.204,2.034,4.696,6.271,303.7,0.929,0.778,0.857,32.071,28.184,5,1,1,3,14,0,0
pga,2023,2023,2023-04-09,Masters Tournament,14,"Koepka, Brooks",16243,T2,3,Augusta National Golf Club,14,72,1,1:06pm,73,0.801,1.692,-1.73,-0.224,-0.261,0.434,294.8,0.643,0.389,0.833,44.17,34.855,1,2,0,2,13,3,0
pga,2023,2023,2023-04-09,Masters Tournament,14,"Koepka, Brooks",16243,T2,4,Augusta National Golf Club,14,72,1,2:33pm,75,0.027,-2.225,-0.143,0.341,-2.027,-2.0,305.1,0.714,0.667,0.3,50.123,46.572,2,6,0,3,9,6,0
pga,2023,2023,2023-04-09,Masters Tournament,14,"Mickelson, Phil",1547,T2,1,Augusta National Golf Club,14,72,1,12:24pm,71,1.414,-1.095,0.543,0.518,-0.034,1.337,306.6,0.786,0.667,0.667,64.092,27.841,5,3,0,6,8,3,1
pga,2023,2023,2023-04-09,Masters Tournament,14,"Mickelson, Phil",1547,T2,2,Augusta National Golf Club,14,72,1,8:42am,69,4.429,-0.637,-0.323,0.828,-0.133,4.271,295.1,0.786,0.5,0.769,33.495,38.865,5,3,0,5,12,0,1
pga,2023,2023,2023-04-09,Masters Tournament,14,"Mickelson, Phil",1547,T2,3,Augusta National Golf Club,14,72,1,12:30pm,75,-1.392,-0.626,-0.033,0.591,-0.068,-1.566,280.7,0.857,0.556,0.3,47.132,44.176,3,2,0,2,11,5,0
pga,2023,2023,2023-04-09,Masters Tournament,14,"Mickelson, Phil",1547,T2,4,Augusta National Golf Club,14,72,1,12:49pm,65,0.519,1.676,4.507,1.298,7.481,8.0,293.4,0.857,0.889,0.667,43.324,32.783,9,3,0,8,9,1,0
pga,2023,2023,2023-04-09,Masters Tournament,14,"Reed, Patrick",14838,T4,1,Augusta National Golf Club,14,72,1,9:24am,71,0.242,0.681,0.172,0.285,1.138,1.337,287.6,0.857,0.722,0.5,171.727,35.634,2,3,0,4,11,3,0
pga,2023,2023,2023-04-09,Masters Tournament,14,"Reed, Patrick",14838,T4,2,Augusta National Golf Club,14,72,1,12:06pm,70,1.114,0.799,0.741,0.643,2.183,3.271,288.8,0.786,0.722,0.667,95.738,45.33,5,4,0,4,12,2,0
pga,2023,2023,2023-04-09,Masters Tournament,14,"Reed, Patrick",14838,T4,3,Augusta National Golf Club,14,72,1,12:06pm,72,-0.197,0.692,1.382,-0.337,1.737,1.434,277.3,0.714,0.5,0.7,20.382,33.209,4,2,0,3,12,3,0
pga,2023,2023,2023-04-09,Masters Tournament,14,"Reed, Patrick",14838,T4,4,Augusta National Golf Club,14,72,1,1:55pm,68,2.147,1.831,1.052,-0.031,2.853,5.0,292.1,0.857,0.556,0.667,41.616,42.294,6,4,0,8,7,2,1
pga,2023,2023,2023-04-09,Masters Tournament,14,"Spieth, Jordan",14636,T4,1,Augusta National Golf Club,14,72,1,2:00pm,69,2.528,1.417,-0.289,-0.276,0.851,3.337,307.8,0.571,0.611,0.75,31.582,28.821,3,4,0,7,8,2,1
pga,2023,2023,2023-04-09,Masters Tournament,14,"Spieth, Jordan",14636,T4,2,Augusta National Golf Club,14,72,1,10:24am,70,-0.137,1.174,0.743,1.516,3.433,3.271,297.5,0.857,0.611,0.9,71.519,39.468,2,2,0,3,14,1,0
pga,2023,2023,2023-04-09,Masters Tournament,14,"Spieth, Jordan",14636,T4,3,Augusta National Golf Club,14,72,1,12:42pm,76,-1.009,-0.274,-0.762,-0.415,-1.45,-2.566,287.9,0.643,0.5,0.5,76.956,35.452,3,3,0,2,11,4,1
pga,2023,2023,2023-04-09,Masters Tournament,14,"Spieth, Jordan",14636,T4,4,Augusta National Golf Club,14,72,1,12:49pm,66,1.994,0.766,2.955,1.285,5.006,7.0,300.7,0.857,0.722,0.4,86.389,31.439,7,3,0,9,6,3,0
pga,2023,2023,2023-04-09,Masters Tournament,14,"Henley, Russell",14578,T4,1,Augusta National Golf Club,14,72,1,8:36am,73,1.349,0.013,-1.263,-0.719,-1.969,-0.663,280.8,0.786,0.556,0.5,78.354,43.805,5,4,0,4,10,3,1
pga,2023,2023,2023-04-09,Masters Tournament,14,"Henley, Russell",14578,T4,2,Augusta National Golf Club,14,72,1,11:12am,67,1.896,2.703,0.545,1.152,4.4,6.271,287.7,1.0,0.722,1.0,,35.991,3,0,0,5,13,0,0
pga,2023,2023,2023-04-09,Masters Tournament,14,"Henley, Russell",14578,T4,3,Augusta National Golf Club,14,72,1,12:18pm,71,-0.551,2.152,1.09,-0.15,3.091,2.434,276.7,0.857,0.611,0.75,65.962,35.096,2,2,0,2,15,1,0
pga,2023,2023,2023-04-09,Masters Tournament,14,"Henley, Russell",14578,T4,4,Augusta National Golf Club,14,72,1,2:14pm,70,2.265,0.825,-0.146,0.056,0.735,3.0,283.1,0.929,0.778,1.0,,38.89,2,2,0,3,14,1,0
pga,2023,2023,2023-04-09,Masters Tournament,14,"Young, Cameron",26651,T7,1,Augusta National Golf Club,14,72,1,10:42am,67,1.157,0.753,1.026,2.443,4.223,5.337,320.8,0.857,0.778,0.714,41.528,32.075,7,2,0,7,9,2,0
pga,2023,2023,2023-04-09,Masters Tournament,14,"Young, Cameron",26651,T7,2,Augusta National Golf Club,14,72,1,1:18pm,72,-0.144,-0.399,0.331,1.508,1.441,1.271,309.1,0.857,0.778,0.375,178.793,32.641,6,3,0,4,11,2,1
pga,2023,2023,2023-04-09,Masters Tournament,14,"Young, Cameron",26651,T7,3,Augusta National Golf Club,14,72,1,12:42pm,75,0.804,-0.973,-1.561,0.271,-2.263,-1.566,288.4,0.786,0.444,0.455,73.599,42.756,4,3,0,4,9,3,2
pga,2023,2023,2023-04-09,Masters Tournament,14,"Young, Cameron",26651,T7,4,Augusta National Golf Club,14,72,1,1:17pm,68,2.79,-0.336,0.378,2.168,2.21,5.0,316.6,0.857,0.667,0.667,260.286,37.64,8,5,1,4,11,2,0
pga,2023,2023,2023-04-09,Masters Tournament,14,"Hovland, Viktor",18841,T7,1,Augusta National Golf Club,14,72,1,10:18am,65,4.199,0.951,1.729,0.5,3.18,7.337,306.6,0.786,0.722,0.857,26.429,30.853,6,2,1,5,12,0,0
pga,2023,2023,2023-04-09,Masters Tournament,14,"Hovland, Viktor",18841,T7,2,Augusta National Golf Club,14,72,1,12:54pm,73,-0.376,-2.357,1.639,1.39,0.672,0.271,286.8,1.0,0.611,0.5,,33.627,4,4,0,1,15,2,0
pga,2023,2023,2023-04-09,Masters Tournament,14,"Hovland, Viktor",18841,T7,3,Augusta National Golf Club,14,72,1,12:54pm,70,-0.729,1.413,0.671,2.186,4.269,3.434,293.6,1.0,0.556,0.6,,44.204,6,2,0,6,8,4,0
pga,2023,2023,2023-04-09,Masters Tournament,14,"Hovland, Viktor",18841,T7,4,Augusta National Golf Club,14,72,1,2:24pm,74,0.159,0.22,-1.116,-0.263,-1.159,-1.0,299.7,0.714,0.556,0.5,54.375,41.079,4,8,0,2,13,2,1
pga,2023,2023,2023-04-09,Masters Tournament,14,"Theegala, Sahith",23014,9,1,Augusta National Golf Club,14,72,1,9:24am,73,-1.12,-0.61,0.575,0.535,0.5,-0.663,301.5,0.786,0.667,0.444,116.436,34.147,3,1,0,3,11,4,0
pga,2023,2023,2023-04-09,Masters Tournament,14,"Theegala, Sahith",23014,9,2,Augusta National Golf Club,14,72,1,12:06pm,70,1.585,-0.042,0.195,1.559,1.712,3.271,312.6,0.714,0.722,0.5,33.787,41.081,6,1,0,5,10,3,0
pga,2023,2023,2023-04-09,Masters Tournament,14,"Theegala, Sahith",23014,9,3,Augusta National Golf Club,14,72,10,11:54am,73,0.504,0.107,-0.889,0.819,0.037,0.434,292.9,0.857,0.556,0.75,227.122,32.924,3,3,0,3,12,2,1
pga,2023,2023,2023-04-09,Masters Tournament,14,"Theegala, Sahith",23014,9,4,Augusta National Golf Club,14,72,1,12:30pm,67,2.27,1.886,1.871,-0.026,3.73,6.0,293.7,0.786,0.667,0.667,,33.898,6,4,0,7,9,2,0
pga,2023,2023,2023-04-09,Masters Tournament,14,"Fitzpatrick, Matthew",17646,T10,1,Augusta National Golf Club,14,72,1,1:24pm,70,0.62,-0.368,0.816,1.312,1.759,2.337,303.9,0.857,0.722,0.667,56.944,36.226,2,2,0,4,12,2,0
pga,2023,2023,2023-04-09,Masters Tournament,14,"Fitzpatrick, Matthew",17646,T10,2,Augusta National Golf Club,14,72,1,9:48am,72,-0.475,-1.393,2.296,0.868,1.772,1.271,304.1,0.786,0.778,0.5,148.739,36.164,3,4,0,2,14,2,0
pga,2023,2023,2023-04-09,Masters Tournament,14,"Fitzpatrick, Matthew",17646,T10,3,Augusta National Golf Club,14,72,1,11:54am,72,0.469,-0.709,1.224,0.557,1.072,1.434,290.5,0.714,0.444,0.7,74.106,38.809,3,5,0,4,11,2,1
pga,2023,2023,2023-04-09,Masters Tournament,14,"Fitzpatrick, Matthew",17646,T10,4,Augusta National Golf Club,14,72,1,1:27pm,70,2.513,-0.438,-0.182,1.107,0.487,3.0,302.4,0.786,0.611,0.667,48.817,32.192,5,2,0,4,12,2,0
pga,2023,2023,2023-04-09,Masters Tournament,14,"Morikawa, Collin",22085,T10,1,Augusta National Golf Club,14,72,1,1:24pm,69,0.629,0.081,1.311,1.359,2.751,3.337,310.5,0.857,0.778,0.667,38.031,33.758,4,1,0,4,13,1,0
pga,2023,2023,2023-04-09,Masters Tournament,14,"Morikawa, Collin",22085,T10,2,Augusta National Golf Club,14,72,1,9:48am,69,1.676,0.437,2.465,-0.281,2.621,4.271,300.7,0.643,0.667,0.75,46.28,26.19,5,4,0,4,13,1,0
pga,2023,2023,2023-04-09,Masters Tournament,14,"Morikawa, Collin",22085,T10,3,Augusta National Golf Club,14,72,1,12:54pm,74,-1.101,0.555,0.495,-0.408,0.642,-0.566,285.7,0.857,0.556,0.571,29.208,28.02,2,3,0,2,12,4,0
pga,2023,2023,2023-04-09,Masters Tournament,14,"Morikawa, Collin",22085,T10,4,Augusta National Golf Club,14,72,1,2:05pm,72,1.219,-0.052,-1.241,1.073,-0.219,1.0,295.9,0.857,0.556,0.727,49.343,44.82,2,5,0,4,10,4,0
pga,2023,2023,2023-04-09,Masters Tournament,14,"Scheffler, Scottie",18417,T10,1,Augusta National Golf Club,14,72,1,1:36pm,68,-3.497,1.594,4.849,1.434,7.877,4.337,311.2,0.786,0.889,0.75,41.93,18.5,6,4,1,3,13,1,0
pga,2023,2023,2023-04-09,Masters Tournament,14,"Scheffler, Scottie",18417,T10,2,Augusta National Golf Club,14,72,1,10:00am,75,-3.889,-0.639,1.885,0.939,2.185,-1.729,302.5,0.643,0.778,0.429,56.444,34.744,0,4,0,1,14,2,1
pga,2023,2023,2023-04-09,Masters Tournament,14,"Scheffler, Scottie",18417,T10,3,Augusta National Golf Club,14,72,10,11:42am,71,1.419,0.658,0.405,0.058,1.121,2.434,288.0,0.714,0.667,0.833,85.135,34.188,3,2,0,4,11,3,0
pga,2023,2023,2023-04-09,Masters Tournament,14,"Scheffler, Scottie",18417,T10,4,Augusta National Golf Club,14,72,1,1:27pm,70,1.337,-0.087,-0.297,2.048,1.663,3.0,310.5,0.786,0.722,0.5,138.47,28.588,4,4,0,5,11,1,1
pga,2023,2023,2023-04-09,Masters Tournament,14,"Schauffele, Xander",19895,T10,1,Augusta National Golf Club,14,72,1,10:18am,68,0.828,1.044,3.046,-0.538,3.552,4.337,303.5,0.714,0.778,0.6,50.423,26.921,5,2,0,6,10,2,0
pga,2023,2023,2023-04-09,Masters Tournament,14,"Schauffele, Xander",19895,T10,2,Augusta National Golf Club,14,72,1,12:54pm,74,0.479,-1.007,0.21,-0.385,-1.183,-0.729,291.2,0.643,0.667,0.5,59.263,48.573,2,6,0,2,13,2,1
pga,2023,2023,2023-04-09,Masters Tournament,14,"Schauffele, Xander",19895,T10,3,Augusta National Golf Club,14,72,1,11:42am,71,0.422,1.692,0.366,0.061,2.119,2.434,289.5,0.857,0.722,0.833,103.156,38.586,2,4,0,4,11,3,0
pga,2023,2023,2023-04-09,Masters Tournament,14,"Schauffele, Xander",19895,T10,4,Augusta National Golf Club,14,72,1,1:55pm,71,-1.692,1.198,1.281,1.213,3.692,2.0,294.1,0.857,0.722,0.714,48.698,33.068,3,4,0,3,13,2,0
pga,2023,2023,2023-04-09,Masters Tournament,14,"Cantlay, Patrick",15466,T14,1,Augusta National Golf Club,14,72,1,10:30am,71,-2.495,-0.767,2.96,1.681,3.874,1.337,305.2,0.929,0.889,0.2,59.088,28.984,4,4,0,4,11,3,0
pga,2023,2023,2023-04-09,Masters Tournament,14,"Cantlay, Patrick",15466,T14,2,Augusta National Golf Club,14,72,1,1:06pm,71,-0.881,1.544,1.031,0.602,3.177,2.271,297.3,0.786,0.722,0.571,111.51,34.549,4,5,0,4,12,1,1
pga,2023,2023,2023-04-09,Masters Tournament,14,"Cantlay, Patrick",15466,T14,3,Augusta National Golf Club,14,72,1,11:30am,68,2.643,0.087,2.609,0.202,2.897,5.434,296.8,0.714,0.778,1.0,42.744,32.022,7,4,0,6,10,2,0
pga,2023,2023,2023-04-09,Masters Tournament,14,"Cantlay, Patrick",15466,T14,4,Augusta National Golf Club,14,72,1,2:24pm,75,-3.167,1.598,-0.427,-0.005,1.167,-2.0,299.4,0.786,0.611,0.625,54.951,58.55,3,7,0,3,9,6,0
pga,2023,2023,2023-04-09,Masters Tournament,14,"Woodland, Gary",12577,T14,1,Augusta National Golf Club,14,72,1,11:54am,68,1.578,0.173,2.76,-0.131,2.802,4.337,307.5,0.643,0.889,0.5,45.477,27.246,2,2,0,6,10,2,0
pga,2023,2023,2023-04-09,Masters Tournament,14,"Woodland, Gary",12577,T14,2,Augusta National Golf Club,14,72,1,8:18am,72,-1.655,-1.358,2.138,2.172,2.952,1.271,306.4,0.929,0.778,0.4,46.671,29.91,2,3,0,3,12,3,0
pga,2023,2023,2023-04-09,Masters Tournament,14,"Woodland, Gary",12577,T14,3,Augusta National Golf Club,14,72,1,12:30pm,73,1.363,-1.25,0.742,-0.315,-0.823,0.434,290.2,0.714,0.667,0.625,154.077,39.541,6,5,0,1,15,2,0
pga,2023,2023,2023-04-09,Masters Tournament,14,"Woodland, Gary",12577,T14,4,Augusta National Golf Club,14,72,1,1:36pm,72,1.14,1.018,-1.272,0.114,-0.14,1.0,298.9,0.714,0.5,0.667,68.871,44.84,2,6,0,4,10,4,0
pga,2023,2023,2023-04-09,Masters Tournament,14,"Matsuyama, Hideki",13562,T16,1,Augusta National Golf Club,14,72,1,10:54am,71,-1.284,-0.174,1.788,1.049,2.664,1.337,291.6,1.0,0.722,0.571,,43.049,3,2,0,2,15,1,0
pga,2023,2023,2023-04-09,Masters Tournament,14,"Matsuyama, Hideki",13562,T16,2,Augusta National Golf Club,14,72,1,1:30pm,70,1.842,1.204,1.078,-0.827,1.455,3.271,269.7,0.857,0.611,0.833,,37.174,4,3,0,4,12,2,0
pga,2023,2023,2023-04-09,Masters Tournament,14,"Matsuyama, Hideki",13562,T16,3,Augusta National Golf Club,14,72,1,11:54am,70,1.865,0.514,2.129,-0.967,1.676,3.434,271.6,0.643,0.556,0.875,61.798,25.725,2,2,0,5,11,1,1
pga,2023,2023,2023-04-09,Masters Tournament,14,"Matsuyama, Hideki",13562,T16,4,Augusta National Golf Club,14,72,1,2:14pm,75,-4.357,3.035,-1.952,1.274,2.357,-2.0,290.3,0.929,0.556,0.444,81.963,40.284,2,7,0,2,11,5,0
pga,2023,2023,2023-04-09,Masters Tournament,14,"Kim, Tom",24766,T16,1,Augusta National Golf Club,14,72,1,1:48pm,70,1.043,-0.212,1.071,0.478,1.337,2.337,297.8,0.857,0.667,0.857,,32.614,5,5,1,2,14,0,1
pga,2023,2023,2023-04-09,Masters Tournament,14,"Kim, Tom",24766,T16,2,Augusta National Golf Club,14,72,1,10:12am,72,-1.478,1.223,1.113,0.438,2.774,1.271,286.6,0.786,0.833,0.333,71.541,29.806,4,5,0,4,11,2,1
pga,2023,2023,2023-04-09,Masters Tournament,14,"Kim, Tom",24766,T16,3,Augusta National Golf Club,14,72,1,11:42am,74,-0.074,-1.171,0.963,-0.178,-0.386,-0.566,278.7,0.714,0.611,0.455,40.328,47.805,0,2,0,0,16,2,0
pga,2023,2023,2023-04-09,Masters Tournament,14,"Kim, Tom",24766,T16,4,Augusta National Golf Club,14,72,1,12:39pm,70,2.169,-0.2,-0.621,1.652,0.831,3.0,293.8,1.0,0.722,0.667,,39.748,4,2,1,4,9,4,0
pga,2023,2023,2023-04-09,Masters Tournament,14,"Lowry, Shane",13900,T16,1,Augusta National Golf Club,14,72,1,9:36am,68,1.324,0.583,1.551,0.922,3.055,4.337,295.2,0.929,0.833,0.667,,48.993,6,1,0,5,12,1,0
pga,2023,2023,2023-04-09,Masters Tournament,14,"Lowry, Shane",13900,T16,2,Augusta National Golf Club,14,72,1,12:18pm,72,-2.463,1.513,0.829,1.418,3.76,1.271,297.8,0.857,0.556,0.6,68.891,39.385,4,5,0,2,14,2,0
pga,2023,2023,2023-04-09,Masters Tournament,14,"Lowry, Shane",13900,T16,3,Augusta National Golf Club,14,72,1,12:18pm,73,-0.143,0.131,-0.328,0.881,0.683,0.434,287.2,0.857,0.667,0.5,,40.115,1,1,0,2,13,3,0
pga,2023,2023,2023-04-09,Masters Tournament,14,"Lowry, Shane",13900,T16,4,Augusta National Golf Club,14,72,1,1:46pm,73,-0.4,0.453,-1.425,1.372,0.4,0.0,290.6,0.929,0.778,0.75,7.897,45.027,3,5,0,4,10,3,1
pga,2023,2023,2023-04-09,Masters Tournament,14,"Niemann, Joaquin",18079,T16,1,Augusta National Golf Club,14,72,1,1:00pm,71,1.512,0.769,-2.42,1.518,-0.132,1.337,322.8,0.786,0.611,0.6,19.39,40.572,4,5,0,5,9,4,0
pga,2023,2023,2023-04-09,Masters Tournament,14,"Niemann, Joaquin",18079,T16,2,Augusta National Golf Club,14,72,1,9:18am,69,2.196,2.089,-1.011,1.022,2.1,4.271,319.1,0.714,0.556,0.7,131.937,35.461,5,5,0,7,8,2,1
pga,2023,2023,2023-04-09,Masters Tournament,14,"Niemann, Joaquin",18079,T16,3,Augusta National Golf Club,14,72,1,12:30pm,74,-1.128,-0.459,0.349,0.778,0.668,-0.566,299.9,0.643,0.556,0.364,55.217,40.345,4,4,0,3,11,3,1
pga,2023,2023,2023-04-09,Masters Tournament,14,"Niemann, Joaquin",18079,T16,4,Augusta National Golf Club,14,72,1,1:17pm,72,1.027,-0.409,-0.757,1.139,-0.027,1.0,307.3,0.786,0.722,0.571,129.78,29.9,3,4,0,4,12,1,1
pga,2023,2023,2023-04-09,Masters Tournament,14,"Bennett, Sam",28158,T16,1,Augusta National Golf Club,14,72,1,1:36pm,68,2.289,1.368,-0.367,1.091,2.091,4.337,297.6,0.929,0.722,0.75,,30.428,5,0,1,2,15,0,0
pga,2023,2023,2023-04-09,Masters Tournament,14,"Bennett, Sam",28158,T16,2,Augusta National Golf Club,14,72,1,10:00am,68,1.227,-0.02,2.835,1.254,4.07,5.271,296.9,0.929,0.722,0.625,,26.108,4,1,0,5,12,1,0
pga,2023,2023,2023-04-09,Masters Tournament,14,"Bennett, Sam",28158,T16,3,Augusta National Golf Club,14,72,1,1:06pm,76,-0.378,-0.006,-0.716,-1.359,-2.081,-2.566,275.6,0.786,0.5,0.667,61.081,50.958,1,5,0,1,12,5,0
pga,2023,2023,2023-04-09,Masters Tournament,14,"Bennett, Sam",28158,T16,4,Augusta National Golf Club,14,72,1,2:05pm,74,-2.088,0.058,2.414,-1.383,1.088,-1.0,287.8,0.571,0.611,0.667,74.985,44.684,4,6,0,1,14,3,0
pga,2023,2023,2023-04-09,Masters Tournament,14,"Rose, Justin",6093,T16,1,Augusta National Golf Club,14,72,1,1:12pm,69,2.312,0.867,1.175,-0.974,1.068,3.337,292.7,0.643,0.556,0.667,115.925,36.502,6,5,1,4,10,3,0
pga,2023,2023,2023-04-09,Masters Tournament,14,"Rose, Justin",6093,T16,2,Augusta National Golf Club,14,72,1,9:36am,71,1.428,0.774,0.364,-0.27,0.868,2.271,292.1,0.786,0.722,0.833,,35.574,2,3,0,3,13,2,0
pga,2023,2023,2023-04-09,Masters Tournament,14,"Rose, Justin",6093,T16,3,Augusta National Golf Club,14,72,1,12:18pm,73,1.931,0.572,-0.425,-1.538,-1.391,0.434,277.1,0.786,0.5,0.75,19.864,39.804,3,4,0,3,12,2,1
pga,2023,2023,2023-04-09,Masters Tournament,14,"Rose, Justin",6093,T16,4,Augusta National Golf Club,14,72,1,1:46pm,73,0.393,-0.547,-0.86,1.014,-0.393,0.0,295.4,0.786,0.611,0.667,53.204,33.446,3,2,0,4,9,5,0
pga,2023,2023,2023-04-09,Masters Tournament,14,"Im, Sungjae",17488,T16,1,Augusta National Golf Club,14,72,1,10:54am,71,-0.773,0.954,0.961,0.238,2.153,1.337,288.3,0.786,0.667,0.75,103.416,47.548,4,3,0,3,13,2,0
pga,2023,2023,2023-04-09,Masters Tournament,14,"Im, Sungjae",17488,T16,2,Augusta National Golf Club,14,72,1,1:30pm,76,-0.335,-0.723,-1.08,-0.565,-2.369,-2.729,284.5,0.643,0.333,0.5,80.829,39.525,2,2,0,3,8,7,0
pga,2023,2023,2023-04-09,Masters Tournament,14,"Im, Sungjae",17488,T16,3,Augusta National Golf Club,14,72,10,1:06pm,67,1.966,1.887,1.757,0.93,4.574,6.434,279.4,0.929,0.722,0.75,34.614,34.122,4,0,0,6,11,1,0
pga,2023,2023,2023-04-09,Masters Tournament,14,"Im, Sungjae",17488,T16,4,Augusta National Golf Club,14,72,1,1:08pm,72,-0.683,0.398,1.723,-0.438,1.683,1.0,284.0,0.714,0.667,0.625,35.091,36.526,4,7,0,4,10,4,0
pga,2023,2023,2023-04-09,Masters Tournament,14,"Kirk, Chris",12423,T23,1,Augusta National Golf Club,14,72,1,10:06am,70,2.167,-0.722,1.658,-0.722,0.213,2.337,290.5,0.929,0.722,0.2,,29.904,4,3,1,5,8,3,1
pga,2023,2023,2023-04-09,Masters Tournament,14,"Kirk, Chris",12423,T23,2,Augusta National Golf Club,14,72,1,12:42pm,74,-1.335,2.377,-0.199,-1.547,0.631,-0.729,282.3,0.714,0.556,0.625,54.194,47.822,1,4,0,2,12,4,0
pga,2023,2023,2023-04-09,Masters Tournament,14,"Kirk, Chris",12423,T23,3,Augusta National Golf Club,14,72,10,12:06pm,72,0.419,0.386,-0.029,0.765,1.122,1.434,279.6,0.857,0.556,0.818,46.211,43.138,3,3,0,3,12,3,0
pga,2023,2023,2023-04-09,Masters Tournament,14,"Kirk, Chris",12423,T23,4,Augusta National Golf Club,14,72,10,12:39pm,71,1.814,-0.167,0.938,-0.585,0.186,2.0,284.6,0.786,0.556,0.75,,42.347,6,5,0,3,13,2,0
pga,2023,2023,2023-04-09,Masters Tournament,14,"Bradley, Keegan",13872,T23,1,Augusta National Golf Club,14,72,1,10:06am,70,0.981,0.261,0.005,1.133,1.399,2.337,296.8,0.929,0.667,0.714,32.579,31.323,2,2,0,4,12,2,0
pga,2023,2023,2023-04-09,Masters Tournament,14,"Bradley, Keegan",13872,T23,2,Augusta National Golf Club,14,72,1,12:42pm,72,2.171,1.277,-2.258,0.107,-0.875,1.271,283.7,0.929,0.444,0.778,,53.239,2,3,0,3,12,3,0
pga,2023,2023,2023-04-09,Masters Tournament,14,"Bradley, Keegan",13872,T23,3,Augusta National Golf Club,14,72,1,11:42am,74,0.935,0.928,-1.86,-0.463,-1.394,-0.566,285.0,0.571,0.389,0.667,58.553,36.972,4,4,0,2,12,4,0
pga,2023,2023,2023-04-09,Masters Tournament,14,"Bradley, Keegan",13872,T23,4,Augusta National Golf Club,14,72,1,12:39pm,71,-2.285,0.916,3.656,-0.287,4.285,2.0,281.4,0.714,0.667,0.6,23.109,52.071,5,4,0,5,9,4,0
pga,2023,2023,2023-04-09,Masters Tournament,14,"Lee, Kyounghoon",13497,T23,1,Augusta National Golf Club,14,72,1,12:12pm,74,-2.114,-0.496,0.898,0.092,0.494,-1.663,297.9,0.786,0.556,0.5,19.503,47.291,3,6,0,2,12,4,0
pga,2023,2023,2023-04-09,Masters Tournament,14,"Lee, Kyounghoon",13497,T23,2,Augusta National Golf Club,14,72,1,8:30am,67,3.086,0.279,1.672,1.26,3.211,6.271,298.8,0.929,0.667,0.714,,32.402,4,2,0,7,9,2,0
pga,2023,2023,2023-04-09,Masters Tournament,14,"Lee, Kyounghoon",13497,T23,3,Augusta National Golf Club,14,72,1,12:06pm,74,-2.22,1.522,-0.243,0.481,1.761,-0.566,279.0,0.857,0.667,0.571,75.59,50.972,1,6,0,4,8,6,0
pga,2023,2023,2023-04-09,Masters Tournament,14,"Lee, Kyounghoon",13497,T23,4,Augusta National Golf Club,14,72,1,1:08pm,72,-0.108,0.59,-0.025,0.543,1.108,1.0,292.5,0.857,0.5,0.636,115.311,49.43,3,4,0,4,10,4,0
pga,2023,2023,2023-04-09,Masters Tournament,14,"Fox, Ryan",11889,T26,1,Augusta National Golf Club,14,72,1,12:36pm,70,0.4,1.51,0.156,0.314,1.98,2.337,314.0,0.571,0.722,0.571,140.926,33.804,5,5,0,4,12,2,0
pga,2023,2023,2023-04-09,Masters Tournament,14,"Fox, Ryan",11889,T26,2,Augusta National Golf Club,14,72,1,8:54am,71,-0.844,1.534,1.416,0.191,3.14,2.271,298.8,0.571,0.611,0.778,69.987,39.839,5,5,0,3,13,2,0
pga,2023,2023,2023-04-09,Masters Tournament,14,"Fox, Ryan",11889,T26,3,Augusta National Golf Club,14,72,1,12:06pm,74,0.078,-1.225,1.003,-0.316,-0.538,-0.566,288.1,0.714,0.611,0.5,38.305,54.987,5,5,0,3,11,3,1
pga,2023,2023,2023-04-09,Masters Tournament,14,"Fox, Ryan",11889,T26,4,Augusta National Golf Club,14,72,1,12:58pm,73,1.237,-1.237,-0.658,0.658,-1.237,0.0,294.2,0.714,0.667,0.333,108.644,33.37,4,4,0,4,11,1,2
pga,2023,2023,2023-04-09,Masters Tournament,14,"Finau, Tony",11676,T26,1,Augusta National Golf Club,14,72,1,2:00pm,69,0.705,0.95,1.375,0.35,2.675,3.337,303.4,0.786,0.722,0.625,67.597,34.199,5,3,0,5,11,2,0
pga,2023,2023,2023-04-09,Masters Tournament,14,"Finau, Tony",11676,T26,2,Augusta National Golf Club,14,72,1,10:24am,74,-2.359,-0.465,3.018,-0.897,1.656,-0.729,297.4,0.714,0.722,0.2,58.311,28.023,4,7,1,3,7,7,0
pga,2023,2023,2023-04-09,Masters Tournament,14,"Finau, Tony",11676,T26,3,Augusta National Golf Club,14,72,10,11:42am,73,0.211,1.856,-0.645,-0.882,0.329,0.434,284.0,0.714,0.5,0.889,93.444,39.288,0,3,0,3,11,4,0
pga,2023,2023,2023-04-09,Masters Tournament,14,"Finau, Tony",11676,T26,4,Augusta National Golf Club,14,72,1,12:30pm,72,-0.469,1.05,0.763,-0.344,1.469,1.0,291.9,0.786,0.722,0.571,78.915,36.222,1,4,0,1,16,1,0
pga,2023,2023,2023-04-09,Masters Tournament,14,"Stallings, Scott",12359,T26,1,Augusta National Golf Club,14,72,1,8:12am,70,0.808,0.745,1.105,-0.278,1.572,2.337,302.1,0.786,0.778,0.571,109.406,26.573,1,1,0,3,14,1,0
pga,2023,2023,2023-04-09,Masters Tournament,14,"Stallings, Scott",12359,T26,2,Augusta National Golf Club,14,72,1,10:48am,77,0.89,-1.973,-2.656,0.036,-4.594,-3.729,301.5,0.571,0.5,0.556,47.819,39.745,3,5,0,2,11,3,2
pga,2023,2023,2023-04-09,Masters Tournament,14,"Stallings, Scott",12359,T26,3,Augusta National Golf Club,14,72,10,12:54pm,69,0.469,2.161,1.745,0.165,4.071,4.434,288.0,0.714,0.611,0.875,36.908,30.977,6,2,0,5,11,2,0
pga,2023,2023,2023-04-09,Masters Tournament,14,"Stallings, Scott",12359,T26,4,Augusta National Golf Club,14,72,10,12:39pm,72,1.125,-0.928,-0.226,1.029,-0.125,1.0,302.5,0.714,0.556,0.375,51.876,31.765,4,1,0,4,10,4,0
pga,2023,2023,2023-04-09,Masters Tournament,14,"Hughes, Mackenzie",15556,T29,1,Augusta National Golf Club,14,72,1,9:36am,76,-2.963,0.482,0.72,-1.859,-0.657,-3.663,286.5,0.643,0.5,0.4,58.642,36.17,4,5,0,1,12,5,0
pga,2023,2023,2023-04-09,Masters Tournament,14,"Hughes, Mackenzie",15556,T29,2,Augusta National Golf Club,14,72,1,12:18pm,69,1.316,0.872,1.79,0.319,2.98,4.271,296.2,0.714,0.611,0.625,57.103,28.262,5,4,0,5,11,2,0
pga,2023,2023,2023-04-09,Masters Tournament,14,"Hughes, Mackenzie",15556,T29,3,Augusta National Golf Club,14,72,10,12:30pm,74,1.546,-1.26,1.028,-1.774,-2.006,-0.566,282.8,0.571,0.5,0.625,168.381,36.511,6,6,0,5,7,5,1
pga,2023,2023,2023-04-09,Masters Tournament,14,"Hughes, Mackenzie",15556,T29,4,Augusta National Golf Club,14,72,10,1:36pm,70,1.405,0.071,1.046,0.478,1.595,3.0,289.5,0.786,0.722,0.714,46.742,35.709,5,4,1,4,10,2,1
pga,2023,2023,2023-04-09,Masters Tournament,14,"Varner III, Harold",16602,T29,1,Augusta National Golf Club,14,72,1,12:12pm,72,0.928,1.169,-1.64,-0.078,-0.549,0.337,305.1,0.714,0.556,0.875,38.438,46.893,3,5,0,2,14,2,0
pga,2023,2023,2023-04-09,Masters Tournament,14,"Varner III, Harold",16602,T29,2,Augusta National Golf Club,14,72,1,8:30am,71,0.743,-0.948,1.32,1.182,1.553,2.271,306.4,0.786,0.667,0.5,68.156,48.408,6,3,1,3,10,4,0
pga,2023,2023,2023-04-09,Masters Tournament,14,"Varner III, Harold",16602,T29,3,Augusta National Golf Club,14,72,10,11:30am,76,-0.416,-0.556,-1.689,0.202,-2.043,-2.566,287.9,0.714,0.389,0.583,32.879,49.74,3,4,0,2,11,4,1
pga,2023,2023,2023-04-09,Masters Tournament,14,"Varner III, Harold",16602,T29,4,Augusta National Golf Club,14,72,10,1:27pm,70,3.594,-0.207,-1.123,0.737,-0.594,3.0,295.1,0.714,0.556,0.857,65.881,29.095,2,2,0,3,14,1,0
pga,2023,2023,2023-04-09,Masters Tournament,14,"Burns, Sam",19483,T29,1,Augusta National Golf Club,14,72,1,1:48pm,68,-0.493,0.754,1.736,2.382,4.873,4.337,316.9,0.929,0.833,0.6,,28.193,5,6,1,4,11,2,0
pga,2023,2023,2023-04-09,Masters Tournament,14,"Burns, Sam",19483,T29,2,Augusta National Golf Club,14,72,1,10:12am,71,1.647,-0.189,1.129,-0.291,0.649,2.271,306.7,0.786,0.722,0.5,45.087,29.633,2,4,0,4,11,3,0
pga,2023,2023,2023-04-09,Masters Tournament,14,"Burns, Sam",19483,T29,3,Augusta National Golf Club,14,72,1,12:42pm,78,-1.56,-2.285,-0.178,-0.437,-2.9,-4.566,291.4,0.714,0.5,0.455,199.25,34.696,3,6,0,3,10,2,3
pga,2023,2023,2023-04-09,Masters Tournament,14,"Burns, Sam",19483,T29,4,Augusta National Golf Club,14,72,10,1:08pm,72,0.203,0.208,-0.326,0.915,0.797,1.0,299.3,0.857,0.722,0.4,67.63,40.618,6,6,1,4,7,6,0
pga,2023,2023,2023-04-09,Masters Tournament,14,"Kim, Si Woo",14609,T29,1,Augusta National Golf Club,14,72,1,12:24pm,73,0.632,0.77,-1.331,-0.691,-1.252,-0.663,294.4,0.714,0.611,0.7,72.297,46.974,1,2,0,2,13,3,0
pga,2023,2023,2023-04-09,Masters Tournament,14,"Kim, Si Woo",14609,T29,2,Augusta National Golf Club,14,72,1,8:42am,72,-0.763,-0.115,1.043,1.131,2.059,1.271,296.3,0.857,0.611,0.5,92.109,39.132,3,6,0,4,10,4,0
pga,2023,2023,2023-04-09,Masters Tournament,14,"Kim, Si Woo",14609,T29,3,Augusta National Golf Club,14,72,10,12:18pm,72,0.048,0.064,1.811,-0.383,1.492,1.434,272.8,0.857,0.556,0.375,4.955,39.26,4,4,0,5,9,3,1
pga,2023,2023,2023-04-09,Masters Tournament,14,"Kim, Si Woo",14609,T29,4,Augusta National Golf Club,14,72,10,1:08pm,72,0.226,0.017,1.015,-0.258,0.774,1.0,280.7,0.857,0.611,0.714,18.924,50.783,2,6,0,2,14,2,0
pga,2023,2023,2023-04-09,Masters Tournament,14,"Fleetwood, Tommy",12294,33,1,Augusta National Golf Club,14,72,1,2:00pm,72,-1.61,1.028,1.057,-0.095,1.99,0.337,296.7,0.786,0.722,0.571,,29.462,1,3,0,1,16,1,0
pga,2023,2023,2023-04-09,Masters Tournament,14,"Fleetwood, Tommy",12294,33,2,Augusta National Golf Club,14,72,1,10:24am,71,3.739,-1.42,0.044,-0.067,-1.443,2.271,293.1,0.786,0.5,0.692,,36.253,6,4,0,4,11,3,0
pga,2023,2023,2023-04-09,Masters Tournament,14,"Fleetwood, Tommy",12294,33,3,Augusta National Golf Club,14,72,10,11:42am,74,-0.718,0.029,-1.223,1.453,0.259,-0.566,287.9,0.929,0.611,0.625,,48.32,1,2,0,2,12,4,0
pga,2023,2023,2023-04-09,Masters Tournament,14,"Fleetwood, Tommy",12294,33,4,Augusta National Golf Club,14,72,10,12:58pm,74,-0.207,-0.457,-0.734,0.398,-0.793,-1.0,298.4,0.643,0.5,0.545,47.556,44.876,4,4,0,4,8,6,0
pga,2023,2023,2023-04-09,Masters Tournament,14,"Smith, Cameron",15856,T34,1,Augusta National Golf Club,14,72,1,10:54am,70,2.073,0.702,-0.388,-0.007,0.307,2.337,295.8,0.714,0.611,0.7,94.191,30.837,4,2,0,4,12,2,0
pga,2023,2023,2023-04-09,Masters Tournament,14,"Smith, Cameron",15856,T34,2,Augusta National Golf Club,14,72,1,1:30pm,72,2.444,0.091,0.868,-2.106,-1.147,1.271,280.2,0.571,0.5,0.444,65.655,54.815,6,5,1,3,9,5,0
pga,2023,2023,2023-04-09,Masters Tournament,14,"Smith, Cameron",15856,T34,3,Augusta National Golf Club,14,72,1,11:30am,75,0.793,-0.711,-1.261,-0.281,-2.253,-1.566,278.7,0.643,0.389,0.625,56.831,30.527,3,7,0,2,12,3,1
pga,2023,2023,2023-04-09,Masters Tournament,14,"Smith, Cameron",15856,T34,4,Augusta National Golf Club,14,72,10,12:49pm,75,-1.92,0.041,0.632,-0.753,-0.08,-2.0,284.2,0.571,0.5,0.455,58.796,39.647,1,4,0,3,10,4,1
pga,2023,2023,2023-04-09,Masters Tournament,14,"Gooch, Talor",18580,T34,1,Augusta National Golf Club,14,72,1,8:24am,72,-0.346,0.086,0.019,0.622,0.726,0.337,291.9,0.929,0.722,0.5,,31.506,3,4,1,1,14,1,1
pga,2023,2023,2023-04-09,Masters Tournament,14,"Gooch, Talor",18580,T34,2,Augusta National Golf Club,14,72,1,11:00am,74,2.514,-1.304,0.963,-2.876,-3.217,-0.729,286.8,0.571,0.5,0.692,80.408,42.519,3,6,0,5,8,4,1
pga,2023,2023,2023-04-09,Masters Tournament,14,"Gooch, Talor",18580,T34,3,Augusta National Golf Club,14,72,10,12:42pm,73,0.206,-0.249,0.653,-0.07,0.335,0.434,279.5,0.786,0.556,0.667,126.332,39.828,5,3,0,3,11,4,0
pga,2023,2023,2023-04-09,Masters Tournament,14,"Gooch, Talor",18580,T34,4,Augusta National Golf Club,14,72,10,1:46pm,73,-1.093,0.101,-0.034,1.025,1.093,0.0,294.3,0.857,0.722,0.556,46.367,41.754,2,3,0,4,10,3,1
pga,2023,2023,2023-04-09,Masters Tournament,14,"Poston, J.T.",21554,T34,1,Augusta National Golf Club,14,72,1,11:30am,74,-0.538,-0.358,-0.738,0.013,-1.082,-1.663,299.6,0.786,0.778,0.25,57.355,44.132,1,4,0,2,13,2,1
pga,2023,2023,2023-04-09,Masters Tournament,14,"Poston, J.T.",21554,T34,2,Augusta National Golf Club,14,72,1,7:54am,72,0.209,0.678,0.558,-0.148,1.088,1.271,286.2,0.786,0.667,0.714,70.553,34.696,1,3,1,3,11,1,2
pga,2023,2023,2023-04-09,Masters Tournament,14,"Poston, J.T.",21554,T34,3,Augusta National Golf Club,14,72,10,12:42pm,76,-1.336,-0.245,0.353,-1.231,-1.124,-2.566,277.8,0.643,0.5,0.667,36.236,40.366,0,3,0,0,14,4,0
pga,2023,2023,2023-04-09,Masters Tournament,14,"Poston, J.T.",21554,T34,4,Augusta National Golf Club,14,72,10,2:14pm,70,1.669,0.413,2.345,-1.427,1.331,3.0,284.3,0.571,0.556,0.778,46.097,32.135,6,3,0,4,12,2,0
pga,2023,2023,2023-04-09,Masters Tournament,14,"Hatton, Tyrrell",14796,T34,1,Augusta National Golf Club,14,72,1,1:00pm,71,1.504,-0.737,-0.167,0.779,-0.125,1.337,299.9,0.786,0.833,0.5,45.115,53.403,0,0,0,2,15,1,0
pga,2023,2023,2023-04-09,Masters Tournament,14,"Hatton, Tyrrell",14796,T34,2,Augusta National Golf Club,14,72,1,9:18am,73,-1.117,0.289,0.299,0.826,1.413,0.271,308.1,0.714,0.611,0.667,163.622,36.404,5,7,0,3,12,2,1
pga,2023,2023,2023-04-09,Masters Tournament,14,"Hatton, Tyrrell",14796,T34,3,Augusta National Golf Club,14,72,10,12:06pm,72,0.45,-0.113,1.355,-0.151,1.09,1.434,281.2,0.714,0.5,0.7,85.063,31.968,3,1,0,4,10,4,0
pga,2023,2023,2023-04-09,Masters Tournament,14,"Hatton, Tyrrell",14796,T34,4,Augusta National Golf Club,14,72,10,12:30pm,76,-1.639,-0.098,0.138,-1.401,-1.361,-3.0,288.8,0.643,0.556,0.556,82.81,37.54,3,5,0,2,11,4,1
pga,2023,2023,2023-04-09,Masters Tournament,14,"Johnson, Zach",6986,T34,1,Augusta National Golf Club,14,72,1,12:48pm,75,-2.188,-0.068,0.269,-0.633,-0.432,-2.663,293.8,0.643,0.778,0.333,27.961,36.917,1,3,0,2,12,3,1
pga,2023,2023,2023-04-09,Masters Tournament,14,"Johnson, Zach",6986,T34,2,Augusta National Golf Club,14,72,1,9:06am,70,-0.566,1.3,2.847,-0.286,3.862,3.271,290.9,0.714,0.722,0.571,75.048,28.294,4,2,0,4,12,2,0
pga,2023,2023,2023-04-09,Masters Tournament,14,"Johnson, Zach",6986,T34,3,Augusta National Golf Club,14,72,10,12:18pm,74,-0.315,0.277,-0.903,0.482,-0.144,-0.566,277.8,0.929,0.611,0.5,,53.948,2,1,0,2,12,4,0
pga,2023,2023,2023-04-09,Masters Tournament,14,"Johnson, Zach",6986,T34,4,Augusta National Golf Club,14,72,10,1:36pm,73,0.471,-0.166,-0.942,0.637,-0.471,0.0,287.0,0.857,0.667,0.833,14.12,48.168,2,4,0,1,15,2,0
pga,2023,2023,2023-04-09,Masters Tournament,14,"Moore, Taylor",21944,T39,1,Augusta National Golf Club,14,72,1,11:18am,73,-1.505,0.174,1.021,-0.31,0.885,-0.663,310.1,0.571,0.667,0.5,55.189,34.833,4,4,0,3,11,4,0
pga,2023,2023,2023-04-09,Masters Tournament,14,"Moore, Taylor",21944,T39,2,Augusta National Golf Club,14,72,1,7:42am,72,0.722,0.787,-1.863,1.651,0.575,1.271,310.1,0.786,0.667,0.556,96.367,45.419,4,4,0,5,9,3,1
pga,2023,2023,2023-04-09,Masters Tournament,14,"Moore, Taylor",21944,T39,3,Augusta National Golf Club,14,72,10,12:18pm,70,2.721,-1.639,1.431,1.028,0.82,3.434,290.7,0.786,0.611,0.75,29.204,32.92,6,3,0,4,12,2,0
pga,2023,2023,2023-04-09,Masters Tournament,14,"Moore, Taylor",21944,T39,4,Augusta National Golf Club,14,72,1,12:58pm,78,-1.895,-0.916,-0.621,-1.568,-3.105,-5.0,296.4,0.5,0.444,0.5,124.213,37.274,2,8,0,3,7,7,1
pga,2023,2023,2023-04-09,Masters Tournament,14,"Day, Jason",9771,T39,1,Augusta National Golf Club,14,72,1,12:48pm,67,2.884,0.784,1.589,0.122,2.496,5.337,295.2,0.714,0.778,0.571,67.356,33.523,5,1,0,5,13,0,0
pga,2023,2023,2023-04-09,Masters Tournament,14,"Day, Jason",9771,T39,2,Augusta National Golf Club,14,72,1,9:06am,72,-1.247,1.57,0.107,0.866,2.543,1.271,300.5,0.786,0.556,0.714,181.269,40.104,7,7,0,5,9,3,1
pga,2023,2023,2023-04-09,Masters Tournament,14,"Day, Jason",9771,T39,3,Augusta National Golf Club,14,72,1,12:54pm,74,0.321,-0.496,-0.031,-0.253,-0.781,-0.566,282.3,0.643,0.556,0.625,45.601,37.751,1,3,0,2,12,4,0
pga,2023,2023,2023-04-09,Masters Tournament,14,"Day, Jason",9771,T39,4,Augusta National Golf Club,14,72,1,1:36pm,80,-2.18,-0.623,-1.592,-2.605,-4.82,-7.0,286.9,0.714,0.5,0.545,42.2,51.984,3,8,0,2,10,2,4
pga,2023,2023,2023-04-09,Masters Tournament,14,"Scott, Adam",6430,T39,1,Augusta National Golf Club,14,72,1,10:30am,68,2.75,2.041,-0.122,-0.289,1.63,4.337,305.2,0.714,0.722,1.0,140.291,34.358,4,3,1,3,13,1,0
pga,2023,2023,2023-04-09,Masters Tournament,14,"Scott, Adam",6430,T39,2,Augusta National Golf Club,14,72,1,1:06pm,74,2.24,-0.903,-1.663,-0.377,-2.943,-0.729,306.7,0.643,0.556,0.625,51.148,46.839,3,6,0,1,14,3,0
pga,2023,2023,2023-04-09,Masters Tournament,14,"Scott, Adam",6430,T39,3,Augusta National Golf Club,14,72,1,11:30am,77,-1.71,0.77,-3.766,1.246,-1.75,-3.566,299.6,0.786,0.722,0.333,64.359,40.483,1,7,0,2,11,4,1
pga,2023,2023,2023-04-09,Masters Tournament,14,"Scott, Adam",6430,T39,4,Augusta National Golf Club,14,72,10,1:17pm,74,-2.371,0.634,-0.684,1.421,1.371,-1.0,304.7,0.857,0.556,0.444,8.107,37.645,3,6,0,3,11,3,1
pga,2023,2023,2023-04-09,Masters Tournament,14,"Ancer, Abraham",18238,T39,1,Augusta National Golf Club,14,72,1,10:06am,72,-0.686,0.14,0.587,0.339,1.066,0.337,289.8,0.786,0.833,0.667,36.798,50.351,4,5,0,3,12,3,0
pga,2023,2023,2023-04-09,Masters Tournament,14,"Ancer, Abraham",18238,T39,2,Augusta National Golf Club,14,72,1,12:42pm,71,1.721,-0.876,0.872,0.58,0.576,2.271,280.4,0.929,0.667,0.5,11.422,47.912,2,3,0,4,11,3,0
pga,2023,2023,2023-04-09,Masters Tournament,14,"Ancer, Abraham",18238,T39,3,Augusta National Golf Club,14,72,10,11:54am,74,2.245,-1.806,-1.013,0.114,-2.705,-0.566,275.6,0.857,0.444,0.727,110.793,44.684,4,5,0,3,10,5,0
pga,2023,2023,2023-04-09,Masters Tournament,14,"Ancer, Abraham",18238,T39,4,Augusta National Golf Club,14,72,10,12:58pm,76,-0.909,-0.437,-0.962,-0.691,-2.091,-3.0,284.5,0.643,0.556,0.286,83.488,38.102,4,8,0,2,10,6,0
pga,2023,2023,2023-04-09,Masters Tournament,14,"English, Harris",14577,T43,1,Augusta National Golf Club,14,72,1,12:36pm,71,3.067,0.028,-1.97,0.255,-1.687,1.337,291.6,0.786,0.611,0.7,48.096,50.497,2,3,0,4,11,3,0
pga,2023,2023,2023-04-09,Masters Tournament,14,"English, Harris",14577,T43,2,Augusta National Golf Club,14,72,1,8:54am,71,1.847,0.187,0.19,0.073,0.45,2.271,290.0,0.786,0.722,0.714,31.613,41.349,1,3,0,3,13,2,0
pga,2023,2023,2023-04-09,Masters Tournament,14,"English, Harris",14577,T43,3,Augusta National Golf Club,14,72,1,11:54am,77,-2.365,0.574,-0.803,-0.866,-1.095,-3.566,273.5,0.786,0.5,0.625,25.229,48.053,0,8,0,1,11,6,0
pga,2023,2023,2023-04-09,Masters Tournament,14,"English, Harris",14577,T43,4,Augusta National Golf Club,14,72,10,1:27pm,75,-0.331,1.207,-2.563,-0.313,-1.669,-2.0,278.7,0.786,0.556,0.75,28.32,53.326,3,5,0,1,13,4,0
pga,2023,2023,2023-04-09,Masters Tournament,14,"Homa, Max",17538,T43,1,Augusta National Golf Club,14,72,1,1:36pm,71,1.046,0.098,-0.321,0.558,0.334,1.337,300.1,0.786,0.611,0.444,68.012,33.593,2,5,1,2,12,3,0
pga,2023,2023,2023-04-09,Masters Tournament,14,"Homa, Max",17538,T43,2,Augusta National Golf Club,14,72,1,10:00am,73,0.064,-0.707,2.292,-1.352,0.232,0.271,287.4,0.571,0.556,0.545,59.223,27.913,2,5,0,4,9,5,0
pga,2023,2023,2023-04-09,Masters Tournament,14,"Homa, Max",17538,T43,3,Augusta National Golf Club,14,72,10,12:06pm,72,-0.414,0.335,1.876,-0.257,1.955,1.434,277.6,0.786,0.667,0.5,49.766,35.445,4,1,0,4,10,4,0
pga,2023,2023,2023-04-09,Masters Tournament,14,"Homa, Max",17538,T43,4,Augusta National Golf Club,14,72,10,12:30pm,78,-1.281,-0.572,-0.402,-2.745,-3.719,-5.0,277.8,0.571,0.444,0.5,87.766,34.964,4,13,0,2,10,4,2
pga,2023,2023,2023-04-09,Masters Tournament,14,"Pereira, Mito",19455,T43,1,Augusta National Golf Club,14,72,1,11:42am,74,-2.762,-0.255,0.28,1.117,1.142,-1.663,311.9,0.714,0.722,0.333,73.595,33.212,2,6,0,3,12,1,2
pga,2023,2023,2023-04-09,Masters Tournament,14,"Pereira, Mito",19455,T43,2,Augusta National Golf Club,14,72,1,8:06am,70,-1.118,1.387,1.691,1.336,4.414,3.271,301.0,0.714,0.778,0.333,47.639,33.277,4,3,0,4,12,2,0
pga,2023,2023,2023-04-09,Masters Tournament,14,"Pereira, Mito",19455,T43,3,Augusta National Golf Club,14,72,10,11:54am,77,-1.801,-2.809,0.304,0.846,-1.659,-3.566,295.7,0.714,0.667,0.444,44.082,30.422,4,5,0,0,13,5,0
pga,2023,2023,2023-04-09,Masters Tournament,14,"Pereira, Mito",19455,T43,4,Augusta National Golf Club,14,72,10,2:05pm,73,0.392,-2.303,2.875,-0.964,-0.392,0.0,300.1,0.714,0.611,0.5,19.268,44.733,3,7,1,3,10,3,1
pga,2023,2023,2023-04-09,Masters Tournament,14,"Straka, Sepp",17511,T46,1,Augusta National Golf Club,14,72,1,12:12pm,70,1.108,1.987,-1.79,1.075,1.272,2.337,306.4,0.786,0.5,0.636,81.761,40.398,5,5,0,6,9,2,1
pga,2023,2023,2023-04-09,Masters Tournament,14,"Straka, Sepp",17511,T46,2,Augusta National Golf Club,14,72,1,8:30am,73,-0.68,0.14,-0.083,0.92,0.977,0.271,302.0,0.643,0.611,0.667,139.251,40.847,4,3,0,5,7,6,0
pga,2023,2023,2023-04-09,Masters Tournament,14,"Straka, Sepp",17511,T46,3,Augusta National Golf Club,14,72,10,11:30am,74,-0.118,-0.065,-1.302,1.026,-0.342,-0.566,287.9,0.857,0.556,0.5,14.664,50.492,1,3,0,1,14,3,0
pga,2023,2023,2023-04-09,Masters Tournament,14,"Straka, Sepp",17511,T46,4,Augusta National Golf Club,14,72,10,12:49pm,78,1.407,-2.652,-3.641,-0.115,-6.407,-5.0,289.9,0.643,0.444,0.615,97.236,41.42,3,9,0,1,10,7,0
pga,2023,2023,2023-04-09,Masters Tournament,14,"Power, Seamus",10104,T46,1,Augusta National Golf Club,14,72,1,9:48am,73,3.074,-1.898,-0.261,-1.535,-3.695,-0.663,304.3,0.5,0.5,0.545,69.841,43.587,4,5,1,3,10,2,2
pga,2023,2023,2023-04-09,Masters Tournament,14,"Power, Seamus",10104,T46,2,Augusta National Golf Club,14,72,1,12:30pm,72,-0.11,0.588,0.925,-0.106,1.406,1.271,290.9,0.857,0.667,0.375,,33.951,5,7,0,3,12,3,0
pga,2023,2023,2023-04-09,Masters Tournament,14,"Power, Seamus",10104,T46,3,Augusta National Golf Club,14,72,10,12:30pm,73,1.028,-1.078,-0.081,0.672,-0.488,0.434,285.1,0.786,0.556,0.375,77.454,34.196,5,2,0,5,7,6,0
pga,2023,2023,2023-04-09,Masters Tournament,14,"Power, Seamus",10104,T46,4,Augusta National Golf Club,14,72,10,1:17pm,77,0.499,-3.411,0.743,-1.83,-4.499,-4.0,289.8,0.643,0.389,0.429,28.379,41.787,4,9,0,4,6,7,1
pga,2023,2023,2023-04-09,Masters Tournament,14,"Pieters, Thomas",13944,T48,1,Augusta National Golf Club,14,72,1,9:36am,74,-1.742,-1.27,1.347,0.045,0.122,-1.663,296.8,0.786,0.556,0.417,60.521,33.998,3,8,0,4,8,6,0
pga,2023,2023,2023-04-09,Masters Tournament,14,"Pieters, Thomas",13944,T48,2,Augusta National Golf Club,14,72,1,12:18pm,73,-2.075,-0.924,2.237,1.058,2.371,0.271,309.0,0.643,0.667,0.429,33.314,33.142,5,4,0,4,10,3,1
pga,2023,2023,2023-04-09,Masters Tournament,14,"Pieters, Thomas",13944,T48,3,Augusta National Golf Club,14,72,10,1:06pm,72,-0.975,0.873,0.752,0.891,2.516,1.434,283.5,0.786,0.556,0.556,65.439,36.062,6,4,0,5,8,5,0
pga,2023,2023,2023-04-09,Masters Tournament,14,"Pieters, Thomas",13944,T48,4,Augusta National Golf Club,14,72,10,1:46pm,77,-2.824,1.301,-1.917,-0.56,-1.176,-4.0,291.8,0.714,0.444,0.625,103.585,37.203,2,9,0,1,12,4,1
pga,2023,2023,2023-04-09,Masters Tournament,14,"Johnson, Dustin",12422,T48,1,Augusta National Golf Club,14,72,1,1:12pm,71,-0.588,-0.092,-0.356,2.416,1.968,1.337,317.7,0.857,0.778,0.5,69.487,29.075,2,3,0,3,13,2,0
pga,2023,2023,2023-04-09,Masters Tournament,14,"Johnson, Dustin",12422,T48,2,Augusta National Golf Club,14,72,1,9:36am,72,0.268,-0.039,0.633,0.434,1.028,1.271,292.4,0.786,0.667,0.5,91.19,31.427,4,4,0,4,11,2,1
pga,2023,2023,2023-04-09,Masters Tournament,14,"Johnson, Dustin",12422,T48,3,Augusta National Golf Club,14,72,10,11:30am,78,-3.072,-1.874,2.801,-2.314,-1.387,-4.566,289.5,0.5,0.667,0.167,73.08,37.104,3,7,0,4,6,7,1
pga,2023,2023,2023-04-09,Masters Tournament,14,"Johnson, Dustin",12422,T48,4,Augusta National Golf Club,14,72,10,1:55pm,75,-1.39,-0.588,-1.031,1.009,-0.61,-2.0,302.4,0.786,0.556,0.455,113.713,35.323,2,5,0,3,10,4,1
pga,2023,2023,2023-04-09,Masters Tournament,14,"Couples, Fred",44,T50,1,Augusta National Golf Club,14,72,1,8:36am,71,0.925,1.761,-0.614,-0.692,0.455,1.337,279.2,0.786,0.722,0.75,101.698,40.562,4,1,0,4,11,3,0
pga,2023,2023,2023-04-09,Masters Tournament,14,"Couples, Fred",44,T50,2,Augusta National Golf Club,14,72,1,11:12am,74,0.906,-0.433,-1.053,-0.124,-1.61,-0.729,281.0,0.857,0.611,0.444,75.944,58.464,3,2,0,2,12,4,0
pga,2023,2023,2023-04-09,Masters Tournament,14,"Couples, Fred",44,T50,3,Augusta National Golf Club,14,72,10,12:30pm,76,-0.222,-0.159,-0.81,-1.268,-2.237,-2.566,261.1,0.571,0.444,0.444,83.969,37.297,0,4,0,2,10,6,0
pga,2023,2023,2023-04-09,Masters Tournament,14,"Couples, Fred",44,T50,4,Augusta National Golf Club,14,72,10,2:05pm,76,-2.124,0.848,0.333,-2.057,-0.876,-3.0,271.5,0.714,0.389,0.5,73.515,44.919,2,6,0,3,8,7,0
pga,2023,2023,2023-04-09,Masters Tournament,14,"Schwartzel, Charl",7398,T50,1,Augusta National Golf Club,14,72,1,11:18am,74,0.498,-0.871,-0.705,-0.542,-2.118,-1.663,296.1,0.643,0.722,0.5,44.301,42.138,2,3,0,2,12,4,0
pga,2023,2023,2023-04-09,Masters Tournament,14,"Schwartzel, Charl",7398,T50,2,Augusta National Golf Club,14,72,1,7:42am,73,0.456,-0.277,0.068,0.049,-0.16,0.271,292.5,0.571,0.611,0.556,104.821,33.553,3,2,0,2,13,3,0
pga,2023,2023,2023-04-09,Masters Tournament,14,"Schwartzel, Charl",7398,T50,3,Augusta National Golf Club,14,72,10,12:54pm,73,-1.269,0.492,3.012,-1.696,1.809,0.434,274.4,0.5,0.556,0.556,82.999,32.051,3,4,0,3,11,4,0
pga,2023,2023,2023-04-09,Masters Tournament,14,"Schwartzel, Charl",7398,T50,4,Augusta National Golf Club,14,72,10,1:55pm,77,-0.299,-0.541,-1.324,-1.836,-3.701,-4.0,282.0,0.5,0.5,0.75,91.264,28.508,3,5,0,1,12,4,1
pga,2023,2023,2023-04-09,Masters Tournament,14,"Horschel, Billy",11276,52,1,Augusta National Golf Club,14,72,1,12:36pm,73,3.13,-0.863,-3.231,0.344,-3.75,-0.663,299.2,0.857,0.611,0.75,,37.948,5,6,0,4,11,1,2
pga,2023,2023,2023-04-09,Masters Tournament,14,"Horschel, Billy",11276,52,2,Augusta National Golf Club,14,72,1,8:54am,74,-0.259,-1.016,1.265,-0.693,-0.445,-0.729,279.5,0.714,0.667,0.25,52.927,29.558,3,3,0,4,8,6,0
pga,2023,2023,2023-04-09,Masters Tournament,14,"Horschel, Billy",11276,52,3,Augusta National Golf Club,14,72,10,12:54pm,74,1.094,0.183,-1.846,0.109,-1.553,-0.566,281.2,0.643,0.444,0.6,168.797,41.493,2,4,0,3,10,5,0
pga,2023,2023,2023-04-09,Masters Tournament,14,"Horschel, Billy",11276,52,4,Augusta National Golf Club,14,72,10,2:14pm,79,-1.441,-2.168,0.027,-2.418,-4.559,-6.0,291.4,0.429,0.611,0.556,83.498,48.078,5,13,0,3,7,6,2
pga,2023,2023,2023-04-09,Masters Tournament,14,"Mitchell, Keith",17365,53,1,Augusta National Golf Club,14,72,1,9:12am,75,-3.448,-0.346,0.816,0.358,0.827,-2.663,310.0,0.786,0.778,0.429,34.788,30.871,3,6,0,3,10,4,1
pga,2023,2023,2023-04-09,Masters Tournament,14,"Mitchell, Keith",17365,53,2,Augusta National Golf Club,14,72,1,11:54am,71,1.818,-0.579,0.092,0.966,0.478,2.271,308.1,0.643,0.611,0.5,74.922,36.701,4,2,1,3,11,2,1
pga,2023,2023,2023-04-09,Masters Tournament,14,"Mitchell, Keith",17365,53,3,Augusta National Golf Club,14,72,10,12:42pm,77,-0.628,-0.583,-2.568,0.32,-2.831,-3.566,288.1,0.714,0.556,0.25,60.942,51.072,3,6,0,2,9,7,0
pga,2023,2023,2023-04-09,Masters Tournament,14,"Mitchell, Keith",17365,53,4,Augusta National Golf Club,14,72,10,2:24pm,79,0.802,-0.999,-3.608,-2.194,-6.802,-6.0,298.9,0.5,0.556,0.5,109.157,55.862,3,6,0,2,10,5,1
pga,2023,2023,2023-04-09,Masters Tournament,14,"Thomas, Justin",14139,CUT,1,Augusta National Golf Club,14,72,1,10:42am,70,0.588,0.114,0.646,1.032,1.792,2.337,298.4,0.857,0.611,0.875,166.883,29.944,4,0,0,4,12,2,0
pga,2023,2023,2023-04-09,Masters Tournament,14,"Thomas, Justin",14139,CUT,2,Augusta National Golf Club,14,72,1,1:18pm,78,-2.981,0.12,-2.125,0.283,-1.722,-4.729,294.6,0.714,0.556,0.455,72.405,48.024,1,4,0,2,9,6,1
pga,2023,2023,2023-04-09,Masters Tournament,14,"Molinari, Francesco",7655,CUT,1,Augusta National Golf Club,14,72,1,11:30am,72,1.06,0.697,-1.192,-0.185,-0.68,0.337,286.9,0.857,0.667,0.75,79.647,48.929,2,3,0,3,12,3,0
pga,2023,2023,2023-04-09,Masters Tournament,14,"Molinari, Francesco",7655,CUT,2,Augusta National Golf Club,14,72,1,7:54am,76,-2.669,0.204,-1.016,0.777,-0.035,-2.729,282.8,0.929,0.556,0.444,131.67,46.19,2,4,0,1,13,3,1
pga,2023,2023,2023-04-09,Masters Tournament,14,"Weir, Mike",5513,CUT,1,Augusta National Golf Club,14,72,1,8:00am,72,-0.548,0.519,1.341,-0.932,0.928,0.337,274.1,0.857,0.611,0.714,161.153,30.317,2,4,0,3,12,3,0
pga,2023,2023,2023-04-09,Masters Tournament,14,"Weir, Mike",5513,CUT,2,Augusta National Golf Club,14,72,1,10:36am,76,0.131,1.736,-2.78,-1.79,-2.834,-2.729,266.9,0.5,0.389,0.636,56.491,55.133,1,7,0,1,12,5,0
pga,2023,2023,2023-04-09,Masters Tournament,14,"Hoge, Tom",15575,CUT,1,Augusta National Golf Club,14,72,1,12:24pm,74,-2.334,1.541,-0.848,0.021,0.714,-1.663,293.1,0.929,0.778,1.0,35.429,32.069,0,6,0,3,11,3,1
pga,2023,2023,2023-04-09,Masters Tournament,14,"Hoge, Tom",15575,CUT,2,Augusta National Golf Club,14,72,1,8:42am,74,-0.805,-0.231,0.864,-0.531,0.101,-0.729,292.8,0.714,0.556,0.286,56.957,34.748,4,5,0,4,8,6,0
pga,2023,2023,2023-04-09,Masters Tournament,14,"DeChambeau, Bryson",19841,CUT,1,Augusta National Golf Club,14,72,1,11:30am,74,-1.43,-1.217,-0.222,1.249,-0.19,-1.663,316.2,0.643,0.778,0.222,31.866,39.485,5,3,1,0,14,2,1
pga,2023,2023,2023-04-09,Masters Tournament,14,"DeChambeau, Bryson",19841,CUT,2,Augusta National Golf Club,14,72,1,7:54am,74,-0.172,-0.52,-1.846,1.834,-0.531,-0.729,303.7,0.786,0.5,0.625,99.095,37.894,2,4,0,4,9,4,1
pga,2023,2023,2023-04-09,Masters Tournament,14,"Carr, Ben",30732,CUT,1,Augusta National Golf Club,14,72,1,11:42am,75,-1.007,0.071,-3.231,1.546,-1.613,-2.663,303.1,0.857,0.667,0.5,95.878,44.58,1,6,0,2,11,5,0
pga,2023,2023,2023-04-09,Masters Tournament,14,"Carr, Ben",30732,CUT,2,Augusta National Golf Club,14,72,1,8:06am,74,-2.346,-0.001,1.044,0.6,1.642,-0.729,296.8,0.857,0.778,0.5,37.777,34.715,2,5,0,0,16,2,0
pga,2023,2023,2023-04-09,Masters Tournament,14,"Meronk, Adrian",14196,CUT,1,Augusta National Golf Club,14,72,1,8:48am,73,-0.833,1.516,-0.44,-0.864,0.213,-0.663,297.5,0.643,0.611,0.75,67.362,35.727,6,6,0,6,6,5,1
pga,2023,2023,2023-04-09,Masters Tournament,14,"Meronk, Adrian",14196,CUT,2,Augusta National Golf Club,14,72,1,11:24am,76,1.601,-2.108,-0.698,-1.498,-4.304,-2.729,294.0,0.643,0.556,0.625,90.53,43.103,5,11,0,2,11,4,1
pga,2023,2023,2023-04-09,Masters Tournament,14,"McIlroy, Rory",10091,CUT,1,Augusta National Golf Club,14,72,1,1:48pm,72,0.634,-1.45,-0.78,1.976,-0.254,0.337,331.3,0.643,0.611,0.4,58.726,36.506,5,4,0,5,9,3,1
pga,2023,2023,2023-04-09,Masters Tournament,14,"McIlroy, Rory",10091,CUT,2,Augusta National Golf Club,14,72,1,10:12am,77,-2.337,-1.236,-1.843,1.712,-1.367,-3.729,315.8,0.786,0.5,0.4,138.312,34.107,4,8,0,2,9,7,0
pga,2023,2023,2023-04-09,Masters Tournament,14,"Kisner, Kevin",11328,CUT,1,Augusta National Golf Club,14,72,1,8:48am,72,0.57,1.658,0.553,-2.401,-0.19,0.337,279.8,0.5,0.611,0.8,71.827,61.676,1,4,0,4,10,4,0
pga,2023,2023,2023-04-09,Masters Tournament,14,"Kisner, Kevin",11328,CUT,2,Augusta National Golf Club,14,72,1,11:24am,77,2.954,2.075,-3.013,-5.72,-6.658,-3.729,265.6,0.357,0.111,0.846,143.671,56.421,4,9,0,0,13,5,0
pga,2023,2023,2023-04-09,Masters Tournament,14,"Langer, Bernhard",290,CUT,1,Augusta National Golf Club,14,72,1,11:42am,75,-0.908,-0.33,-0.959,-0.423,-1.712,-2.663,268.1,1.0,0.667,0.5,,37.977,1,2,0,0,15,3,0
pga,2023,2023,2023-04-09,Masters Tournament,14,"Langer, Bernhard",290,CUT,2,Augusta National Golf Club,14,72,1,8:06am,74,-1.238,2.398,0.021,-1.885,0.534,-0.729,262.1,0.786,0.5,0.714,123.996,45.701,4,4,0,2,12,4,0
pga,2023,2023,2023-04-09,Masters Tournament,14,"Singh, Vijay",653,CUT,1,Augusta National Golf Club,14,72,1,8:12am,75,-2.184,1.456,-0.932,-0.96,-0.437,-2.663,283.9,0.643,0.611,0.667,59.81,31.008,1,6,0,1,13,4,0
pga,2023,2023,2023-04-09,Masters Tournament,14,"Singh, Vijay",653,CUT,2,Augusta National Golf Club,14,72,1,10:48am,75,-1.363,-0.99,1.357,-0.707,-0.34,-1.729,287.0,0.786,0.611,0.375,28.022,40.439,4,9,0,4,8,5,1
pga,2023,2023,2023-04-09,Masters Tournament,14,"Lee, Min Woo",16841,CUT,1,Augusta National Golf Club,14,72,1,9:00am,75,1.842,-1.83,-3.927,1.294,-4.463,-2.663,319.6,0.714,0.5,0.636,56.389,48.646,5,6,0,3,10,4,1
pga,2023,2023,2023-04-09,Masters Tournament,14,"Lee, Min Woo",16841,CUT,2,Augusta National Golf Club,14,72,1,11:42am,75,-1.158,2.021,-2.951,0.385,-0.545,-1.729,304.6,0.643,0.444,0.615,91.992,58.031,3,6,0,1,13,4,0
pga,2023,2023,2023-04-09,Masters Tournament,14,"Willett, Danny",12920,CUT,1,Augusta National Golf Club,14,72,1,11:54am,75,-1.867,-1.435,-0.081,0.763,-0.753,-2.663,297.6,0.857,0.667,0.3,64.99,44.075,2,6,0,1,13,4,0
pga,2023,2023,2023-04-09,Masters Tournament,14,"Willett, Danny",12920,CUT,2,Augusta National Golf Club,14,72,1,8:18am,75,-1.465,1.177,-0.421,-0.994,-0.239,-1.729,281.2,0.643,0.5,0.545,56.156,47.894,2,4,1,2,9,5,1
pga,2023,2023,2023-04-09,Masters Tournament,14,"Champ, Cameron",23542,CUT,1,Augusta National Golf Club,14,72,1,11:06am,76,0.863,-1.846,-2.158,-0.48,-4.484,-3.663,306.5,0.714,0.556,0.364,255.224,44.618,4,4,0,3,8,7,0
pga,2023,2023,2023-04-09,Masters Tournament,14,"Champ, Cameron",23542,CUT,2,Augusta National Golf Club,14,72,1,7:30am,74,1.012,-1.342,-1.299,0.926,-1.716,-0.729,312.3,0.714,0.5,0.571,70.656,37.429,5,4,0,3,10,5,0
pga,2023,2023,2023-04-09,Masters Tournament,14,"Higa, Kazuki",15756,CUT,1,Augusta National Golf Club,14,72,1,9:12am,76,-2.05,0.932,-0.296,-2.207,-1.571,-3.663,274.1,0.643,0.556,0.333,49.638,30.27,4,8,0,2,12,3,1
pga,2023,2023,2023-04-09,Masters Tournament,14,"Higa, Kazuki",15756,CUT,2,Augusta National Golf Club,14,72,1,11:54am,74,0.405,1.079,-1.425,-0.763,-1.109,-0.729,278.9,0.714,0.556,0.636,32.429,61.474,2,4,0,3,10,5,0
pga,2023,2023,2023-04-09,Masters Tournament,14,"Mcclean, Matthew",26990,CUT,1,Augusta National Golf Club,14,72,1,8:12am,77,-0.286,-0.565,-1.368,-2.402,-4.334,-4.663,271.2,0.571,0.444,0.667,35.88,49.984,4,5,0,3,9,4,2
pga,2023,2023,2023-04-09,Masters Tournament,14,"Mcclean, Matthew",26990,CUT,2,Augusta National Golf Club,14,72,1,10:48am,74,1.915,-2.725,1.265,-1.158,-2.618,-0.729,274.4,0.643,0.5,0.545,76.572,39.352,1,4,0,3,11,3,1
pga,2023,2023,2023-04-09,Masters Tournament,14,"Garcia, Sergio",5689,CUT,1,Augusta National Golf Club,14,72,1,9:12am,74,-0.459,-0.748,-0.684,0.271,-1.161,-1.663,294.1,0.929,0.722,0.375,,41.002,1,4,0,2,12,4,0
pga,2023,2023,2023-04-09,Masters Tournament,14,"Garcia, Sergio",5689,CUT,2,Augusta National Golf Club,14,72,1,11:54am,77,-1.499,-1.973,-0.315,0.083,-2.205,-3.729,305.4,0.571,0.5,0.462,75.747,34.248,2,8,0,2,9,7,0
pga,2023,2023,2023-04-09,Masters Tournament,14,"Harman, Brian",8825,CUT,1,Augusta National Golf Club,14,72,1,1:00pm,77,-2.936,0.635,-1.07,-1.248,-1.684,-4.663,292.6,0.643,0.667,0.5,54.883,30.729,2,8,0,3,9,4,2
pga,2023,2023,2023-04-09,Masters Tournament,14,"Harman, Brian",8825,CUT,2,Augusta National Golf Club,14,72,1,9:18am,74,0.935,1.242,-1.825,-1.056,-1.639,-0.729,296.0,0.714,0.278,0.75,43.389,48.51,2,6,0,3,10,5,0
pga,2023,2023,2023-04-09,Masters Tournament,14,"Potgieter, Aldrich",27900,CUT,1,Augusta National Golf Club,14,72,1,11:18am,77,2.141,-5.709,-2.909,1.858,-6.761,-4.663,329.1,0.714,0.5,0.286,103.868,36.869,6,5,0,3,9,5,1
pga,2023,2023,2023-04-09,Masters Tournament,14,"Potgieter, Aldrich",27900,CUT,2,Augusta National Golf Club,14,72,1,7:42am,74,-1.487,-0.971,-0.223,1.977,0.783,-0.729,317.6,0.786,0.611,0.333,61.973,39.394,6,5,0,3,11,3,1
pga,2023,2023,2023-04-09,Masters Tournament,14,"Fernandez de oliveira, Mateo",24294,CUT,1,Augusta National Golf Club,14,72,1,9:48am,76,0.005,-0.462,-1.528,-1.634,-3.625,-3.663,296.5,0.714,0.444,0.636,95.625,41.491,1,6,0,2,10,6,0
pga,2023,2023,2023-04-09,Masters Tournament,14,"Fernandez de oliveira, Mateo",24294,CUT,2,Augusta National Golf Club,14,72,1,12:30pm,75,0.819,0.636,-3.844,0.685,-2.523,-1.729,287.6,0.786,0.5,0.667,86.675,46.281,3,4,0,2,12,3,1
pga,2023,2023,2023-04-09,Masters Tournament,14,"Conners, Corey",17576,CUT,1,Augusta National Golf Club,14,72,1,1:12pm,73,0.052,-2.544,0.429,1.444,-0.672,-0.663,303.7,0.857,0.667,0.5,63.548,39.88,3,3,0,4,10,3,1
pga,2023,2023,2023-04-09,Masters Tournament,14,"Conners, Corey",17576,CUT,2,Augusta National Golf Club,14,72,1,9:36am,79,-2.96,-2.367,-0.811,0.434,-2.744,-5.729,296.1,0.714,0.5,0.364,109.239,27.615,2,7,0,3,7,6,2
pga,2023,2023,2023-04-09,Masters Tournament,14,"Crowe, Harrison",24280,CUT,1,Augusta National Golf Club,14,72,1,9:00am,75,-0.184,0.521,-1.726,-1.231,-2.436,-2.663,309.0,0.5,0.611,0.625,83.566,41.063,2,4,0,2,11,5,0
pga,2023,2023,2023-04-09,Masters Tournament,14,"Crowe, Harrison",24280,CUT,2,Augusta National Golf Club,14,72,1,11:42am,77,-3.592,1.696,-0.753,-1.055,-0.111,-3.729,287.0,0.643,0.5,0.556,93.93,32.647,1,7,0,0,13,5,0
pga,2023,2023,2023-04-09,Masters Tournament,14,"Kokrak, Jason",12337,CUT,1,Augusta National Golf Club,14,72,1,8:24am,73,-1.471,0.191,0.183,0.477,0.85,-0.663,311.3,0.714,0.611,0.556,92.888,28.694,4,5,0,2,13,3,0
pga,2023,2023,2023-04-09,Masters Tournament,14,"Kokrak, Jason",12337,CUT,2,Augusta National Golf Club,14,72,1,11:00am,79,-3.092,-0.54,-3.32,1.248,-2.611,-5.729,305.4,0.714,0.5,0.5,50.285,45.803,1,10,0,2,7,9,0
pga,2023,2023,2023-04-09,Masters Tournament,14,"Kitayama, Kurt",21891,CUT,1,Augusta National Golf Club,14,72,1,10:30am,75,-3.502,0.576,0.204,0.102,0.882,-2.663,293.3,0.714,0.556,0.5,108.801,31.242,2,6,0,3,9,6,0
pga,2023,2023,2023-04-09,Masters Tournament,14,"Kitayama, Kurt",21891,CUT,2,Augusta National Golf Club,14,72,1,1:06pm,77,-2.453,-1.276,0.24,-0.214,-1.251,-3.729,289.5,0.571,0.5,0.545,36.846,31.223,0,6,0,0,14,3,1
pga,2023,2023,2023-04-09,Masters Tournament,14,"Noren, Alex",10419,CUT,1,Augusta National Golf Club,14,72,1,8:36am,78,0.214,-0.695,-0.889,-4.25,-5.834,-5.663,284.4,0.357,0.444,0.455,65.862,44.001,1,5,0,1,11,5,1
pga,2023,2023,2023-04-09,Masters Tournament,14,"Noren, Alex",10419,CUT,2,Augusta National Golf Club,14,72,1,11:12am,75,-1.132,0.91,-0.55,-0.931,-0.571,-1.729,283.3,0.714,0.611,0.5,34.559,49.357,3,6,0,4,8,5,1
pga,2023,2023,2023-04-09,Masters Tournament,14,"Sargent, Gordon",30814,CUT,1,Augusta National Golf Club,14,72,1,12:48pm,77,-3.58,-5.192,1.55,2.602,-1.041,-4.663,328.6,0.857,0.722,0.091,,34.144,5,8,0,4,8,4,2
pga,2023,2023,2023-04-09,Masters Tournament,14,"Sargent, Gordon",30814,CUT,2,Augusta National Golf Club,14,72,1,9:06am,76,0.516,-2.297,-0.589,-0.334,-3.22,-2.729,317.6,0.571,0.611,0.455,69.221,39.125,5,6,0,4,8,4,2
pga,2023,2023,2023-04-09,Masters Tournament,14,"Watson, Bubba",7334,CUT,1,Augusta National Golf Club,14,72,1,9:48am,77,-1.96,-0.811,-1.611,-0.238,-2.66,-4.663,299.0,0.643,0.556,0.333,101.137,35.937,2,6,0,4,8,3,3
pga,2023,2023,2023-04-09,Masters Tournament,14,"Watson, Bubba",7334,CUT,2,Augusta National Golf Club,14,72,1,12:30pm,76,-0.595,-0.332,-1.405,-0.372,-2.108,-2.729,284.5,0.714,0.444,0.5,57.106,60.111,2,7,0,2,10,6,0
pga,2023,2023,2023-04-09,Masters Tournament,14,"Olazabal, Jose Maria",3485,CUT,1,Augusta National Golf Club,14,72,1,11:06am,77,-0.281,1.437,-2.717,-3.059,-4.34,-4.663,252.3,0.714,0.389,0.636,73.581,38.561,4,7,0,1,12,4,1
pga,2023,2023,2023-04-09,Masters Tournament,14,"Olazabal, Jose Maria",3485,CUT,2,Augusta National Golf Club,14,72,1,7:30am,77,-0.344,-0.307,-1.693,-1.36,-3.36,-3.729,261.2,0.857,0.278,0.538,57.51,56.632,1,7,0,2,9,7,0
pga,2023,2023,2023-04-09,Masters Tournament,14,"Svensson, Adam",13997,CUT,1,Augusta National Golf Club,14,72,1,9:24am,75,-2.134,-0.828,1.017,-0.675,-0.486,-2.663,288.3,0.786,0.611,0.375,133.815,35.387,5,5,0,4,7,7,0
pga,2023,2023,2023-04-09,Masters Tournament,14,"Svensson, Adam",13997,CUT,2,Augusta National Golf Club,14,72,1,12:06pm,80,-3.094,-0.757,-2.376,-0.477,-3.609,-6.729,284.6,0.786,0.5,0.417,108.201,41.171,2,8,0,1,10,5,2
pga,2023,2023,2023-04-09,Masters Tournament,14,"Mize, Larry",139,CUT,1,Augusta National Golf Club,14,72,1,9:00am,79,-0.86,-0.767,-1.894,-3.099,-5.76,-6.663,240.6,0.857,0.444,0.444,58.817,43.848,1,5,0,1,10,6,1
pga,2023,2023,2023-04-09,Masters Tournament,14,"Mize, Larry",139,CUT,2,Augusta National Golf Club,14,72,1,11:42am,80,-2.652,0.886,-1.408,-3.53,-4.051,-6.729,242.4,0.786,0.222,0.5,,39.168,2,9,0,3,6,7,2
pga,2023,2023,2023-04-09,Masters Tournament,14,"Lyle, Sandy",294,CUT,1,Augusta National Golf Club,14,72,1,8:24am,81,0.115,-0.502,-2.812,-5.422,-8.735,-8.663,236.3,0.571,0.389,0.25,105.771,51.246,4,14,0,0,10,7,1
pga,2023,2023,2023-04-09,Masters Tournament,14,"Lyle, Sandy",294,CUT,2,Augusta National Golf Club,14,72,1,11:00am,83,1.246,-3.148,-3.013,-4.789,-10.95,-9.729,249.5,0.643,0.333,0.364,19.431,47.288,4,10,0,1,7,8,2
pga,2023,2023,2023-04-09,Masters Tournament,14,"Oosthuizen, Louis",7672,WD,1,Augusta National Golf Club,14,72,1,8:48am,76,2.294,-1.583,-2.11,-2.222,-5.914,-3.663,271.3,0.786,0.5,0.6,,40.764,3,5,0,1,13,3,1
pga,2023,2023,2023-04-09,Masters Tournament,14,"Woods, Tiger",5321,WD,1,Augusta National Golf Club,14,72,1,10:18am,74,-0.693,-0.27,-0.434,-0.223,-0.927,-1.663,299.3,0.714,0.722,0.5,29.165,38.355,3,5,0,3,10,5,0
pga,2023,2023,2023-04-09,Masters Tournament,14,"Woods, Tiger",5321,WD,2,Augusta National Golf Club,14,72,1,12:54pm,73,1.158,0.456,-0.62,-0.697,-0.862,0.271,281.8,0.643,0.5,0.818,93.093,40.598,3,4,0,2,13,3,0
